{
  "callers": [
    "Kidnap",
    "High-Fiving",
    "Female-Chorus",
    "Estrous-Running-Rumble-Roar",
    "Protest-Trumpet",
    "Trump",
    "Roar-Rumble",
    "Nasal-Trumpet",
    "Estrous-Rumble",
    "Separated-Rumble",
    "Rumble-Roar",
    "Escalated-Contest",
    "Contact-Rumble",
    "Guiding",
    "Rev"
  ],
  "scores": [
    10.513193664752912,
    4.329595131452116,
    4.08287568137986,
    4.066640733124981,
    3.79700878774108,
    3.5988586229923025,
    3.2787797797225475,
    3.0818587056256925,
    2.838921409858205,
    2.7509810287892407,
    2.6131564579171918,
    2.4988789059640357,
    2.484020648067687,
    2.4512603877657013,
    2.380131617047467
  ],
  "n_calls": [
    2,
    3,
    4,
    2,
    6,
    3,
    14,
    3,
    21,
    5,
    43,
    6,
    6,
    5,
    3
  ]
}