{
  "callers": [
    "E009",
    "E019",
    "E016",
    "E010",
    "E001",
    "E014",
    "E015",
    "E002",
    "E013",
    "E012",
    "E007",
    "E020",
    "E006",
    "E017",
    "E004"
  ],
  "scores": [
    1.5434940547139802,
    1.4992555649151487,
    1.410101022944738,
    1.3195865553349988,
    1.2334950229294113,
    1.2083747714536235,
    1.2058901400954796,
    1.2052524156156763,
    1.1893692510976597,
    1.1865748678430614,
    1.1840128688078366,
    1.1836079466065124,
    1.1588392298492303,
    1.1560820505500442,
    1.1400309475951362
  ],
  "n_calls": [
    17,
    49,
    43,
    25,
    19,
    26,
    26,
    26,
    19,
    17,
    43,
    27,
    24,
    15,
    8
  ]
}